{"cameraMode":{"drawMode":0,"name":"Shaded","section":"Shading Mode"},"sceneLighting":false,"audioPlay":false,"sceneViewState":{"showFog":true,"showMaterialUpdate":false,"showSkybox":false,"showFlares":true,"showImageEffects":true,"showParticleSystems":true},"in2DMode":false,"pivot":{"x":0.8691425323486328,"y":-0.6132856607437134,"z":-0.11209487915039063},"rotation":{"x":0.18566040694713593,"y":0.3534649610519409,"z":-0.07179733365774155,"w":0.9140229821205139},"size":6.225174903869629,"orthographic":true}