{"cameraMode":{"drawMode":0,"name":"Shaded","section":"Shading Mode"},"sceneLighting":false,"audioPlay":false,"sceneViewState":{"showFog":true,"showMaterialUpdate":false,"showSkybox":false,"showFlares":true,"showImageEffects":true,"showParticleSystems":true},"in2DMode":false,"pivot":{"x":-0.13153305649757386,"y":-0.330078125,"z":0.31212306022644045},"rotation":{"x":0.206062912940979,"y":-0.36794960498809817,"z":0.0839814692735672,"w":0.9028280377388},"size":6.218387603759766,"orthographic":true}