{"cameraMode":{"drawMode":0,"name":"Shaded","section":"Shading Mode"},"sceneLighting":false,"audioPlay":false,"sceneViewState":{"showFog":true,"showMaterialUpdate":false,"showSkybox":false,"showFlares":true,"showImageEffects":true,"showParticleSystems":true},"in2DMode":false,"pivot":{"x":-0.2783203125,"y":0.5643747448921204,"z":-0.5640749931335449},"rotation":{"x":0.30193763971328738,"y":0.6662536859512329,"z":-0.3405323922634125,"w":0.5907432436943054},"size":7.879957675933838,"orthographic":true}