{"cameraMode":{"drawMode":0,"name":"Shaded","section":"Shading Mode"},"sceneLighting":false,"audioPlay":false,"sceneViewState":{"showFog":true,"showMaterialUpdate":false,"showSkybox":false,"showFlares":true,"showImageEffects":true,"showParticleSystems":true},"in2DMode":false,"pivot":{"x":1.1100420951843262,"y":-0.16749991476535798,"z":-0.09716796875},"rotation":{"x":0.19592304527759553,"y":0.3607688248157501,"z":-0.07780004292726517,"w":0.9085195064544678},"size":4.904238700866699,"orthographic":true}