{"cameraMode":{"drawMode":0,"name":"Shaded","section":"Shading Mode"},"sceneLighting":false,"audioPlay":false,"sceneViewState":{"showFog":true,"showMaterialUpdate":false,"showSkybox":false,"showFlares":true,"showImageEffects":true,"showParticleSystems":true},"in2DMode":false,"pivot":{"x":0.8552570343017578,"y":1.291264295578003,"z":-0.10243797302246094},"rotation":{"x":0.36877670884132388,"y":-0.2765098512172699,"z":0.1158967986702919,"w":0.8798376321792603},"size":7.023064136505127,"orthographic":true}