{"cameraMode":{"drawMode":0,"name":"Shaded","section":"Shading Mode"},"sceneLighting":false,"audioPlay":false,"sceneViewState":{"showFog":true,"showMaterialUpdate":false,"showSkybox":false,"showFlares":true,"showImageEffects":true,"showParticleSystems":true},"in2DMode":false,"pivot":{"x":0.8552570343017578,"y":0.7912642955780029,"z":-0.10243797302246094},"rotation":{"x":0.1709258109331131,"y":0.13403591513633729,"z":-0.02347738668322563,"w":0.9758420586585999},"size":6.3079047203063969,"orthographic":true}