{"cameraMode":{"drawMode":0,"name":"Shaded","section":"Shading Mode"},"sceneLighting":false,"audioPlay":false,"sceneViewState":{"showFog":true,"showMaterialUpdate":false,"showSkybox":false,"showFlares":true,"showImageEffects":true,"showParticleSystems":true},"in2DMode":false,"pivot":{"x":-1.0065248012542725,"y":0.942962646484375,"z":0.7004609107971191},"rotation":{"x":-0.11351516097784043,"y":0.8770619630813599,"z":-0.2543976306915283,"w":-0.3913552463054657},"size":7.8035502433776859,"orthographic":false}