{"cameraMode":{"drawMode":0,"name":"Shaded","section":"Shading Mode"},"sceneLighting":false,"audioPlay":false,"sceneViewState":{"showFog":true,"showMaterialUpdate":false,"showSkybox":false,"showFlares":true,"showImageEffects":true,"showParticleSystems":true},"in2DMode":false,"pivot":{"x":0.8552570343017578,"y":0.7912642955780029,"z":-0.10243797302246094},"rotation":{"x":0.07977013289928436,"y":0.7373501062393189,"z":-0.08845926076173783,"w":0.6649255752563477},"size":5.692453384399414,"orthographic":true}