{"cameraMode":{"drawMode":0,"name":"Shaded","section":"Shading Mode"},"sceneLighting":false,"audioPlay":false,"sceneViewState":{"showFog":true,"showMaterialUpdate":false,"showSkybox":false,"showFlares":true,"showImageEffects":true,"showParticleSystems":true},"in2DMode":false,"pivot":{"x":0.8552570343017578,"y":1.291264295578003,"z":-0.10243797302246094},"rotation":{"x":0.23678788542747498,"y":0.33353450894355776,"z":-0.08694411814212799,"w":0.9083652496337891},"size":7.6167778968811039,"orthographic":true}