{"cameraMode":{"drawMode":0,"name":"Shaded","section":"Shading Mode"},"sceneLighting":false,"audioPlay":false,"sceneViewState":{"showFog":true,"showMaterialUpdate":false,"showSkybox":false,"showFlares":true,"showImageEffects":true,"showParticleSystems":true},"in2DMode":false,"pivot":{"x":0.8552570343017578,"y":0.7912642955780029,"z":-0.10243797302246094},"rotation":{"x":0.08367777615785599,"y":0.8954041004180908,"z":-0.1902853399515152,"w":0.3937530517578125},"size":5.517932415008545,"orthographic":true}