{"cameraMode":{"drawMode":0,"name":"Shaded","section":"Shading Mode"},"sceneLighting":false,"audioPlay":false,"sceneViewState":{"showFog":true,"showMaterialUpdate":false,"showSkybox":false,"showFlares":true,"showImageEffects":true,"showParticleSystems":true},"in2DMode":false,"pivot":{"x":0.8552570343017578,"y":0.7912642955780029,"z":-0.10243797302246094},"rotation":{"x":0.03208855167031288,"y":-0.9675643444061279,"z":0.16349826753139497,"w":0.18989349901676179},"size":5.020908355712891,"orthographic":true}