{"cameraMode":{"drawMode":0,"name":"Shaded","section":"Shading Mode"},"sceneLighting":false,"audioPlay":false,"sceneViewState":{"showFog":true,"showMaterialUpdate":false,"showSkybox":false,"showFlares":true,"showImageEffects":true,"showParticleSystems":true},"in2DMode":false,"pivot":{"x":0.88818359375,"y":0.2626953125,"z":0.575439453125},"rotation":{"x":0.26971277594566347,"y":0.5292087197303772,"z":-0.18215467035770417,"w":0.7835898399353027},"size":5.424878120422363,"orthographic":true}