{"cameraMode":{"drawMode":0,"name":"Shaded","section":"Shading Mode"},"sceneLighting":false,"audioPlay":false,"sceneViewState":{"showFog":true,"showMaterialUpdate":false,"showSkybox":false,"showFlares":true,"showImageEffects":true,"showParticleSystems":true},"in2DMode":false,"pivot":{"x":0.8564987182617188,"y":-0.6202555894851685,"z":-0.09711337089538574},"rotation":{"x":0.2913873791694641,"y":0.3504548966884613,"z":-0.1157085970044136,"w":0.8825457096099854},"size":5.824936866760254,"orthographic":true}