{"cameraMode":{"drawMode":0,"name":"Shaded","section":"Shading Mode"},"sceneLighting":false,"audioPlay":false,"sceneViewState":{"showFog":true,"showMaterialUpdate":false,"showSkybox":false,"showFlares":true,"showImageEffects":true,"showParticleSystems":true},"in2DMode":false,"pivot":{"x":0.86279296875,"y":0.29126423597335818,"z":-0.2514941394329071},"rotation":{"x":0.09846913814544678,"y":0.30105727910995486,"z":-0.031271159648895267,"w":0.9479928612709045},"size":3.215325117111206,"orthographic":true}