{"cameraMode":{"drawMode":0,"name":"Shaded","section":"Shading Mode"},"sceneLighting":false,"audioPlay":false,"sceneViewState":{"showFog":true,"showMaterialUpdate":false,"showSkybox":false,"showFlares":true,"showImageEffects":true,"showParticleSystems":true},"in2DMode":false,"pivot":{"x":1.219736099243164,"y":-2.49609375,"z":-1.1887456178665162},"rotation":{"x":0.5910801291465759,"y":-0.001209918176755309,"z":0.000886620837263763,"w":0.8066114783287048},"size":8.70044231414795,"orthographic":true}