{"cameraMode":{"drawMode":0,"name":"Shaded","section":"Shading Mode"},"sceneLighting":false,"audioPlay":false,"sceneViewState":{"showFog":true,"showMaterialUpdate":false,"showSkybox":false,"showFlares":true,"showImageEffects":true,"showParticleSystems":true},"in2DMode":false,"pivot":{"x":0.3432483673095703,"y":38.220035552978519,"z":-4.050000190734863},"rotation":{"x":0.10397892445325852,"y":-0.8222151398658752,"z":0.1593043953180313,"w":0.5364810228347778},"size":25.12066078186035,"orthographic":true}