{"cameraMode":{"drawMode":0,"name":"Shaded","section":"Shading Mode"},"sceneLighting":false,"audioPlay":false,"sceneViewState":{"showFog":true,"showMaterialUpdate":false,"showSkybox":false,"showFlares":true,"showImageEffects":true,"showParticleSystems":true},"in2DMode":false,"pivot":{"x":0.8552570343017578,"y":1.291264295578003,"z":-0.10243797302246094},"rotation":{"x":0.18813785910606385,"y":0.145252987742424,"z":-0.028145795688033105,"w":0.9709343314170837},"size":5.07949161529541,"orthographic":true}