{"cameraMode":{"drawMode":0,"name":"Shaded","section":"Shading Mode"},"sceneLighting":false,"audioPlay":false,"sceneViewState":{"showFog":true,"showMaterialUpdate":false,"showSkybox":false,"showFlares":true,"showImageEffects":true,"showParticleSystems":true},"in2DMode":false,"pivot":{"x":0.8552570343017578,"y":0.7912642955780029,"z":-0.10243797302246094},"rotation":{"x":0.1872011423110962,"y":0.26871252059936526,"z":-0.05332424119114876,"w":0.9433487057685852},"size":7.288414001464844,"orthographic":true}